Shop Country	Group	Usage Time Type	Uninstall Reason Categories	Latest Shopify Plan Known to Findter	Usage Time	Shop Domain	Shop Email	Shop Name	Latest Active Product Count Known to Findter	First Install Date	Uninstalled Date	Uninstall Reason	Note
US	Cũ	Under 3 Months	App Not Working / Compatibility Issue	Grow	72d 25m	6ttn0k-8i.myshopify.com	info@doodlebugschild.com	Doodlebugs Children's Finery & Gifts	9152	04-06-26 2:51	2026-08-15 3:17	Not working properly with store	
MX	Mới	Under 1 Day	App Not Working / Compatibility Issue	Basic	12h 25m	1zhi0p-x3.myshopify.com	vettagroupmx@gmail.com	Vetta Caffe Group México	0	14-08-26 0:10	2026-08-14 12:36	No funciona correctamente con la tienda	
AR	Mới	Under 1 Day	App Not Working / Compatibility Issue	Basic	6h 19m	q2ueft-eq.myshopify.com	lskinlab.contacto@gmail.com	LS SkinLab	19	13-08-26 20:34	2026-08-14 2:54	No me satisfacen las funciones de la app, No funciona correctamente con la tienda, Ya no uso la app	Ko thấy khách emebed đc app - Có thể tương thích theme
PH	Mới	Under 1 hour	App Not Working / Compatibility Issue	Basic	11m	vibramphshop.myshopify.com	vibramph@gmail.com	Tara Barefoot Shop	0	13-08-26 18:26	2026-08-13 18:38	Not working properly with store	Set up khá lâu, khả năng chưa tương thích
NL	Cũ	Under 3 Months	App Not Working / Compatibility Issue	Basic	41d 23h 16m	u4xjjh-zj.myshopify.com	admin@blackbeetle.nl	Black Beetle	48	01-07-26 21:01	2026-08-12 20:18	Not working properly with store	
US	Cũ	Under 3 Months	App Not Working / Compatibility Issue	Basic	37d 12m	purplecultures.myshopify.com	purplecultures2021@gmail.com	Purple Cultures		06-07-26 7:37	2026-08-12 7:50	Not working properly with store	
AU	Cũ	Under 3 Months	App Not Working / Compatibility Issue	Basic	70d 1h 17m	hi-torqueperformance.myshopify.com	marketing@hi-torqueperformance.com.au	Hi-Torque Performance Pty Ltd		02-06-26 4:29	2026-08-11 5:47	Not working properly with store	
ES	Mới	Under 1 hour	App Not Working / Compatibility Issue		6m	c7abaa.myshopify.com	chaxijs@gmail.com	Beatfit		09-08-26 21:10	2026-08-09 21:17	No funciona correctamente con la tienda	
US	Mới	Under 1 Day	App Not Working / Compatibility Issue	Basic	2h 1m	c96377-2.myshopify.com	bluebonnetcustomgifts@gmail.com	Bluebonnet Gift Shop		08-08-26 5:15	2026-08-08 7:17	Not working properly with store	
CO	Mới	Under 1 hour	App Not Working / Compatibility Issue		15m	mkr1vq-af.myshopify.com	alexandragrisales579@gmail.com	Gato Gamer Store		08-08-26 3:51	2026-08-08 4:07	No funciona correctamente con la tienda	
US	Mới	Under 1 hour	App Not Working / Compatibility Issue		6m	sprout-kids-llc.myshopify.com	shopsproutkids@mail.com	Sprout Kids		07-08-26 23:56	2026-08-08 0:03	Not working properly with store	"1. Uninstall app ngay sau khi embed app (thấy banner thông báo store vượt limit)
						2,  Đã vào pricing để nhấn mua, nhưng cancel ngay sau đó (Gói 9$)"							
GB	Mới	Under 1 hour	App Not Working / Compatibility Issue		6m	t1iw1n-k9.myshopify.com	rexiedex@gmail.com	Rexiedex		07-08-26 4:30	2026-08-07 4:37	Not working properly with store	
US	Mới	Under 1 hour	App Not Working / Compatibility Issue		2m	fae726-3.myshopify.com	Underez@cardsquare.net	CardSquare L.L.C.		06-08-26 7:01	2026-08-06 7:04	Not working properly with store	
PL	Mới	Under 1 hour	App Not Working / Compatibility Issue		8m	didaqm-ta.myshopify.com	vdomehoz@gmail.com	My Store		06-08-26 5:38	2026-08-06 5:47	Некорректно работает с магазином	Theme khách là theme đã tương thích vs app từ trc, nhưng vẫn uninstall ngay sau onboarding
NL	Mới	Under 1 hour	App Not Working / Compatibility Issue		1m	0zqcwt-q2.myshopify.com	info@cesmade.com	cesmade		05-08-26 19:14	2026-08-05 19:16	Werkt niet goed met de winkel	
BE	Mới	Under 1 hour	App Not Working / Compatibility Issue		17m	ijwnvh-w2.myshopify.com	info@held-antwerp.be	held Antwerp		05-08-26 2:42	2026-08-05 3:00	Werkt niet goed met de winkel, Niet tevreden over app-functies	Khách có chủ động nhấn xem user guide trên box ở homepage. Sau khi enable search feature (ko bật app embeded core)
NO	Cũ	Under 1 Year	App Not Working / Compatibility Issue	Basic	265d 23h 5m	b59e3j-ve.myshopify.com	stian@printcraft.no	PrintCraft Creations		08-11-25 5:16	2026-08-01 4:22	Not working properly with store	
IT	Mới	Under 1 hour	App Not Working / Compatibility Issue	Basic	12m	ff3n5q-kx.myshopify.com	annuck.co@gmail.com	annuck		31-07-26 2:22	2026-07-31 2:35	Non funziona correttamente con il negozio	
ES	Mới	Under 1 hour	App Not Working / Compatibility Issue		7m	treemers-2.myshopify.com	gestion@treemers.com	Treemers		28-07-26 18:05	2026-07-28 18:13	No funciona correctamente con la tienda	
PL	Cũ	Under 6 Months	App Not Working / Compatibility Issue	Paused	91d 18h 12m	miuus-studio.myshopify.com	hello@themiuusstudio.com	THE MIUUS STUDIO		27-04-26 19:21	2026-07-28 13:34	Not working properly with store	
GB	Cũ	Under 1 Month	App Not Working / Compatibility Issue	Basic	15d 13h	bsrbcv-1b.myshopify.com	botanicultuk@gmail.com	BOTANICULT		12-07-26 18:41	2026-07-28 7:42	Not working properly with store	
NL	Mới	Under 1 hour	App Not Working / Compatibility Issue		17m	dehuidshop-syk.myshopify.com	info@skintrends.nl	SkinTrends		28-07-26 4:42	2026-07-28 5:00	Werkt niet goed met de winkel, Niet tevreden over app-functies	
US	Mới	Under 1 hour	App Not Working / Compatibility Issue	Basic	35m	d87b2c-cc.myshopify.com	support@12twelve.com	12TWELVE		27-07-26 22:05	2026-07-27 22:41	Other (please specify); doesnt work with template	
AU	Cũ	Under 3 Months	App Not Working / Compatibility Issue		31d 22h 20m	uwjz7g-hr.myshopify.com	support@acrylix.com.au	Acrylix		24-06-26 20:37	2026-07-26 18:58	Not working properly with store	
FR	Cũ	Under 1 Month	App Not Working / Compatibility Issue		8d 14h 57m	ru9ygp-ju.myshopify.com	maabec1@gmail.com	CardsProxy		17-07-26 2:45	2026-07-25 17:43	Ne fonctionne pas correctement avec la boutique	
IN	Mới	Under 1 hour	App Not Working / Compatibility Issue		21m	sophistisuit-creation.myshopify.com	ommdigitalseo@gmail.com	Sophistisuit Creation		25-07-26 16:51	2026-07-25 17:13	Not working properly with store	
GB	Cũ	Under 6 Months	App Not Working / Compatibility Issue	Grow	142d 7h 41m	dwrhuk-0j.myshopify.com	info@southernofficefurniture.co.uk	Southern Office Furniture		02-03-26 12:44	2026-07-22 20:26	Not working properly with store	
AU	Mới	Under 1 hour	App Not Working / Compatibility Issue		10m	rtk0fk-s0.myshopify.com	sales@avconcept.com.au	AV Concept		22-07-26 12:40	2026-07-22 12:51	Other (please specify); I didn't want to change my Product Grid	
KW	Mới	Under 1 Day	App Not Working / Compatibility Issue	Basic	1h 38m	9yw6iv-vn.myshopify.com	info@gemtopya.co	GEMTOPYA		22-07-26 5:44	2026-07-22 7:23	Not working properly with store	
SE	Cũ	Under 3 Months	App Not Working / Compatibility Issue	Basic	37d 10h 11m	5kz3kc-sd.myshopify.com	sweden@peckhamsoul.com	Peckham Soul		14-06-26 14:35	2026-07-22 0:46	Other (please specify); does not work with my shop and actively screws up the search function on my website website	
FR	Mới	Under 1 hour	App Not Working / Compatibility Issue		7m	1s6x53-3t.myshopify.com	novasphere83@gmail.com	Chic Bottle		21-07-26 18:51	2026-07-21 18:59	Ne fonctionne pas correctement avec la boutique	
IN	Cũ	Under 1 Week	App Not Working / Compatibility Issue	Basic	3d 23m	indclues.myshopify.com	indclues@gmail.com	Indclues		18-07-26 14:57	2026-07-21 15:21	Not working properly with store	
ES	Cũ	Under 3 Months	Missing / Unsatisfactory Features	Basic	49d 3h 51m	d3b8f0-00.myshopify.com	info@puraindia.com	Pura India	1364	27-06-26 18:17	2026-08-15 22:09	No me satisfacen las funciones de la app	
CO	Mới	Under 1 hour	Missing / Unsatisfactory Features		1m	ahvfyg-7g.myshopify.com	toryvic.colombia@gmail.com	ToryVic		15-08-26 4:30	2026-08-15 4:32	Otro (especifica); no me gusto	
BR	Cũ	Under 3 Months	Missing / Unsatisfactory Features	Grow	37d 20h 2m	old-orc.myshopify.com	felipe.sanches033@gmail.com	Old Orc	55008	08-07-26 5:48	2026-08-15 1:51	Not satisfied with app features	
NO	Cũ	Under 3 Months	Missing / Unsatisfactory Features	Basic	56d 3h 46m	aurora-jewellery-norge.myshopify.com	aurorajewellerynorge@gmail.com	Aurora Jewellery Norge	73	19-06-26 14:52	2026-08-14 18:39	Ikke fornøyd med appens funksjoner; Mobilversjonen fungerer ikke, har sagt ifra men ingenting ble gjort med det.	Khách này không nói đúng sự thât, mình có support họ rồi
CA	Cũ	Under 1 Year	Missing / Unsatisfactory Features	Grow-inactive	282d 17h 42m	game-breakers-ca.myshopify.com	info@gamebreakers.ca	Game Breakers		04-11-25 5:08	2026-08-13 22:51	Not satisfied with app features, Other (please specify)	
PE	Mới	Under 1 hour	Missing / Unsatisfactory Features		2m	fiw6cf-ds.myshopify.com	mafer.usa01@gmail.com	Mi tienda		13-08-26 2:24	2026-08-13 2:27	No me satisfacen las funciones de la app	
HK	Cũ	Under 3 Months	Missing / Unsatisfactory Features	Basic	45d 23h 51m	s2a2fd-0a.myshopify.com	myl2990309881@gmail.com	carblaze		26-06-26 10:20	2026-08-11 10:12	對 app 功能不滿意, 測試多個 app	
JP	Mới	Under 1 Month	Missing / Unsatisfactory Features	Grow	13d 10h 9m	94f1e2-98.myshopify.com	contact@zenkyumatcha.com	zenkyu matcha		27-07-26 12:11	2026-08-09 22:21	アプリの機能に満足できなかった	
FR	Mới	Under 1 hour	Missing / Unsatisfactory Features		23m	hdz1hc-vx.myshopify.com	contact@auxtroispattes.fr	Aux Trois Pattes		08-08-26 21:38	2026-08-08 22:02	Fonctionnalités de l’appli insatisfaisantes	
GB	Mới	Under 1 Day	Missing / Unsatisfactory Features		1h 18m	cocofennell.myshopify.com	cocofennell@gmail.com	Coco Fennell		08-08-26 4:21	2026-08-08 5:40	Not satisfied with app features	
US	Mới	Under 1 hour	Missing / Unsatisfactory Features	Grow	47m	ty0rsm-22.myshopify.com	riverboundsports@gmail.com	shop.riverboundsports.com		08-08-26 1:47	2026-08-08 2:35	Not satisfied with app features	
AU	Mới	Under 1 Month	Missing / Unsatisfactory Features	Grow	8d 19h 56m	perthpro.myshopify.com	info@elevateauto.com.au	Elevate Automotive		29-07-26 13:56	2026-08-07 9:53	Not satisfied with app features, Not using app now	
JP	Mới	Under 1 Week	Missing / Unsatisfactory Features	Basic	1d 7h 36m	062d0e-66.myshopify.com	my@decotamin.com	デコタミン		05-08-26 21:02	2026-08-07 4:39	アプリの機能に満足できなかった	
US	Mới	Under 1 hour	Missing / Unsatisfactory Features		11m	orbegozo-pre.myshopify.com	bill@fik.life	Orbegozo-pre		07-08-26 3:48	2026-08-07 4:00	No me satisfacen las funciones de la app; I need more metafield filters	
IN	Mới	Under 1 Day	Missing / Unsatisfactory Features	Basic	20h 55m	wrfz1m-br.myshopify.com	ajaysachdeva73@yahoo.com	Gemsdeva		31-07-26 20:30	2026-08-01 17:26	Not satisfied with app features	
US	Mới	Under 1 hour	Missing / Unsatisfactory Features		5m	digitires.myshopify.com	backoffice@digitire.com	Digitire		31-07-26 8:02	2026-07-31 8:08	Insatisfação com os recursos do app	
US	Mới	Under 1 hour	Missing / Unsatisfactory Features	Plus	9m	serv-ware.myshopify.com	nathan@foxxequipment.com	Serv-Ware		30-07-26 2:22	2026-07-30 2:32	Not satisfied with app features	
TR	Mới	Under 1 hour	Missing / Unsatisfactory Features		18m	wwyqr6-29.myshopify.com	machinistclothing@gmail.com	Machinist Clothing TR		29-07-26 21:10	2026-07-29 21:29	Uygulama özelliklerinden memnun değilim	"Khách embeded xong -> Banner báo vượt limit product
						Khách mua starter							
						Khách uninstall app							
						(Gói sub bị hủy)							
						Khách install lại app (Thấy ghi Plan: Trial)							
						Khách uninstall sau 2p tải lại"							
US	Mới	Under 1 hour	Missing / Unsatisfactory Features		11m	yj35pa-mk.myshopify.com	solesbyrbls@gmail.com	LuckyRbls		27-07-26 16:44	2026-07-27 16:56	Not satisfied with app features	
CA	Cũ	Under 1 Year	Missing / Unsatisfactory Features	Basic	217d 3h 55m	q6bvra-zv.myshopify.com	Shopjoolzco@gmail.com	JOOLZ Co.		20-12-25 1:53	2026-07-25 5:49	Other (please specify); not useful	
US	Mới	Under 1 Month	Other – Unclear	Basic	10d 22h 38m	b7zpj6-18.myshopify.com	info@mulights.com	MULIGHTS	7	04-08-26 18:04	2026-08-15 16:43	Other (please specify); no	
CL	Mới	Under 1 Day	Other – Unclear	Basic	1h 7m	kstv8n-vq.myshopify.com	dakinggraffstore@gmail.com	DAKING GRAFFSTORE	145	15-08-26 2:33	2026-08-15 3:41	Otro (especifica); no	
US	Cũ	Under 3 Months	Other – Unclear	Grow-inactive	33d 8h 53m	yvdqv0-e1.myshopify.com	Support@ModdedEv.com	ModdedEv.Com	47	11-07-26 6:25	2026-08-13 15:19	Other (please specify)	
US	Mới	Under 1 Week	Other – Unclear	Grow	4d 23h	beadworx-by-extol-accessories.myshopify.com	support@beadworx.us	Beadworx by Extol Accessories	382	06-08-26 22:30	2026-08-11 21:31	Other (please specify); Great support team.	
IN	Cũ	Under 3 Months	Other – Unclear	Development	32d 22h 7m	test-demo-sample.myshopify.com	abhinav.k@acodez.co.in	Test-Demo-sample		09-07-26 13:55	2026-08-11 12:03	Other (please specify); s	
DE	Mới	Under 1 hour	Other – Unclear		1m	cnagp9-57.myshopify.com	info@myhome24.shop	Teppichland Holzbachtal		10-08-26 22:49	2026-08-10 22:51	Sonstiges (bitte angeben); gd	
AE	Mới	Under 1 hour	Other – Unclear		2m	ncdfta-y1.myshopify.com	boldintme@gmail.com	Bold International		10-08-26 22:33	2026-08-10 22:36	Other (please specify); ..	
IN	Cũ	Under 3 Months	Other – Unclear	Basic	65d 22h 59m	coolcolors-store.myshopify.com	onlinesales@bafnaclothing.com	COOLCOLORS		05-06-26 19:10	2026-08-10 18:09	Other (please specify)	
GB	Cũ	Under 6 Months	Other – Unclear		153d 20h 46m	zcp1bt-d9.myshopify.com	innorel@innoreltech.com	INNOREL		09-03-26 17:12	2026-08-10 13:59	Other (please specify); 1	
IN	Cũ	Under 3 Months	Other – Unclear	Basic	54d 19h 39m	ccdyug-g2.myshopify.com	sowjanyastudios2@gmail.com	Sowjanya Studios		16-06-26 15:45	2026-08-10 11:25	Other (please specify); Expecting for free	
US	Mới	Under 1 Day	Other – Unclear	Basic	1h 32m	1m0y6z-71.myshopify.com	ademcaglar5002@hotmail.com	Mağazam		10-08-26 5:36	2026-08-10 7:09	Diğer (lütfen belirtin); 123123	
AU	Cũ	Under 6 Months	Other – Unclear	Basic-unpaid	170d 10h 54m	xqtbsw-qn.myshopify.com	hello@haezeltech.com	Haezel Tech		18-02-26 19:38	2026-08-08 6:33	Other (please specify); na	
LV	Mới	Under 1 Day	Other – Unclear	Basic	4h 47m	d473d3-c8.myshopify.com	flora.deko@inbox.lv	Skaistumam.lv		07-08-26 21:19	2026-08-08 2:07	Other (please specify); bed	
US	Mới	Under 1 Week	Other – Unclear	Grow	2d 3h 9m	63d5pp-zx.myshopify.com	accounting@rmsoapmarket.com	Story by RM		05-08-26 20:11	2026-08-07 23:21	Other (please specify); didnt need it	
IN	Mới	Under 1 hour	Other – Unclear	Basic	17m	qanu1d-sd.myshopify.com	info@amretrostore.com	AM RETRO STORE		07-08-26 1:23	2026-08-07 1:41	Other (please specify); hi	
CO	Mới	Under 1 Day	Other – Unclear	Basic	18h 18m	f8sxbq-vz.myshopify.com	ventasrepuestosplus@gmail.com	Repuestos Plus		06-08-26 3:58	2026-08-06 22:17	Otro (especifica); n	
US	Mới	Under 1 Month	Other – Unclear	Plus	7d 11h 43m	bss-labs-hvp00j8v.myshopify.com	tudv@operyn.ai	BSS Labs		29-07-26 9:04	2026-08-05 20:48	Other (please specify)	
CA	Cũ	Under 1 Year	Other – Unclear		189d 19h 35m	usqjag-yh.myshopify.com	web@sportsauxpucesrivesud.com	Sports aux Puces Rive-Sud		27-01-26 13:29	2026-08-05 9:05	Autre (veuillez préciser); tente pu	
AU	Mới	Under 1 hour	Other – Unclear		24m	qvbcr0-mj.myshopify.com	info@trueblueit.com.au	Sopnil's Store		04-08-26 10:34	2026-08-04 10:59	Other (please specify)	
US	Cũ	Under 3 Months	Other – Unclear	Grow	40d 2h 28m	pacificsolution.myshopify.com	supports@pacificsolution.com	Pacific Solution		25-06-26 4:16	2026-08-04 6:45	Other (please specify); na	
CA	Mới	Under 1 hour	Other – Unclear		3m	av1tr9-2j.myshopify.com	hungtang9@outlook.com	Borderline Bottles		04-08-26 5:01	2026-08-04 5:05	Other (please specify)	
GB	Cũ	Under 3 Months	Other – Unclear	Grow	53d 9h 34m	u19z1s-7g.myshopify.com	sales@spares4homes.co.uk	Spares4homes		11-06-26 16:31	2026-08-04 2:06	Other (please specify); you are fucking scammers offer a free app then a couple of months latter start charging you can fuck off i have uninstalled your app and will be reporting you to shopify and leaving you a shit review.sick of you scammers.	
RS	Mới	Under 1 hour	Other – Unclear		15m	j07sua-wm.myshopify.com	moretti.rs@hotmail.com	Moretti		03-08-26 21:05	2026-08-03 21:21	Other (please specify); 3652	
IN	Cũ	Under 6 Months	Other – Unclear	Development-inactive	112d 1h 47m	trending0325.myshopify.com	trending0325@gmail.com	trending0325		13-04-26 17:11	2026-08-03 18:59	Other (please specify)	
GB	Mới	Under 1 hour	Other – Unclear		10m	trg1in-tp.myshopify.com	admin@propulsioncards.com	Propulsion Cards		03-08-26 9:00	2026-08-03 9:11	Other (please specify)	
US	Mới	Under 1 hour	Other – Unclear		3m	h17ebz-0t.myshopify.com	nhbach.vn@gmail.com	THE AUTH BOUTIQUE		03-08-26 8:46	2026-08-03 8:50	Other (please specify)	
NZ	Mới	Under 1 Week	Other – Unclear	Grow	3d 18h 12m	mozzi-co-nz.myshopify.com	markp@maddgear.com	Mozzi		30-07-26 11:10	2026-08-03 5:23	Other (please specify); .	
PT	Cũ	Under 6 Months	Other – Unclear	Basic-inactive	160d 5h 25m	ea212d-vp.myshopify.com	rodristiago@gmail.com	SpeedParts - Loja Online		23-02-26 18:23	2026-08-02 23:49	Outro (especifique)	
GR	Mới	Under 1 Week	Other – Unclear	Basic	1d 12h 12m	ahtq9a-g1.myshopify.com	webseoad1@gmail.com	My Store		01-08-26 3:10	2026-08-02 15:23	Other (please specify); j	
US	Cũ	Under 1 Year	Other – Unclear	Grow	186d 11h 23m	caab5e-6d.myshopify.com	generationscollective3@gmail.com	Generations Collective		27-01-26 13:53	2026-08-02 1:17	Other (please specify)	
CH	Mới	Under 1 hour	Other – Unclear		38m	glidespring.myshopify.com	hello@blackmodea.com	BLACK MODEA		01-08-26 7:42	2026-08-01 8:21	Sonstiges (bitte angeben); .	
IT	Cũ	Under 1 Month	Other – Unclear	Basic	27d 4h 9m	eh91kv-41.myshopify.com	infomarcomasistore@gmail.com	Marco Masi Fashion Store		04-07-26 17:08	2026-07-31 21:18	Altro (specifica)	
RO	Mới	Under 1 hour	Other – Unclear		5m	chefevolution.myshopify.com	mihaela.chiriloaia@yahoo.com	Chefs Evolution		31-07-26 17:04	2026-07-31 17:10	Other (please specify)	
GB	Mới	Under 1 hour	Other – Unclear		3m	vg015v-ck.myshopify.com	wearemightyarrow@gmail.com	Born Arrow		31-07-26 5:00	2026-07-31 5:04	Other (please specify); .	
AE	Mới	Under 1 hour	Other – Unclear		7m	td0txd-fg.myshopify.com	jawdah786@gmail.com	JawdahShop AE		30-07-26 21:56	2026-07-30 22:04	Other (please specify); fgf	
BR	Mới	Under 1 hour	Other – Unclear		11m	9ccttw-m2.myshopify.com	willspaw.store@gmail.com	WillsPaw Store		30-07-26 21:50	2026-07-30 22:02	Outro (especifique); jk	
IT	Mới	Under 1 hour	Other – Unclear		12m	9eu6c0-ie.myshopify.com	info@protech-engineering.it	ProTech Engineering		28-07-26 14:57	2026-07-28 15:10	Altro (specifica); s	
IN	Cũ	Under 6 Months	Other – Unclear	Development-inactive	147d 17h 18m	matt-rs2.myshopify.com	mate.bako@rapidsearch.app	matt-rs2		02-03-26 20:01	2026-07-28 13:20	Other (please specify)	
GB	Mới	Under 1 hour	Other – Unclear		1m	g4hkah-n6.myshopify.com	info@culturacreative.com	Cultura Creative		24-07-26 22:13	2026-07-24 22:15	Other (please specify); x	
IN	Mới	Under 1 hour	Other – Unclear		1m	xhcixi-kj.myshopify.com	shreyasinghaniaofficial@gmail.com	MAMMABUB		24-07-26 14:12	2026-07-24 14:14	Other (please specify); G	
US	Mới	Under 1 hour	Other – Unclear		2m	kenmore-floor-care-us.myshopify.com	melissa.mccoy@cleva-na.com	Cleva US		24-07-26 1:43	2026-07-24 1:46	Other (please specify); .	
BG	Mới	Under 1 hour	Other – Unclear	Basic	43m	avtomixbg.myshopify.com	avtomixbg@gmail.com	avtomixbg		23-07-26 19:16	2026-07-23 19:59	Other (please specify)	
IN	Cũ	Under 1 Month	Other – Unclear	Plus	13d 7h 38m	meenabaazaar.myshopify.com	meenabazaar@mbgrp.net	Meenabazaar		10-07-26 11:54	2026-07-23 19:33	Other (please specify)	
US	Mới	Under 1 hour	Other – Unclear		0m	wadm-vinyl4u.myshopify.com	heattransfer4u@gmail.com	HEAT TRANSFER VINYL 4U		23-07-26 3:29	2026-07-23 3:30	Other (please specify)	
CA	Mới	Under 1 hour	Other – Unclear		2m	jared-vandermeer-wildlife.myshopify.com	jared.vandermeer@gmail.com	Jared VanderMeer Art Gallery & Studio		22-07-26 19:09	2026-07-22 19:12	Other (please specify); n/a	
US	Cũ	Under 1 Year	Other – Unclear	Grow-inactive	243d 3h 2m	playgosports-com.myshopify.com	randy@pandpimports.com	PlayGoSports.com		21-11-25 1:58	2026-07-22 5:01	Other (please specify)	
US	Cũ	Under 6 Months	Other – Unclear		154d 4h 25m	7ievwg-1s.myshopify.com	bonnerjustin150@gmail.com	Flash Kicks		17-02-26 5:08	2026-07-21 9:34	No reason provided	
DE	Cũ	Under 6 Months	Testing multiple apps	Basic-inactive	139d 6h 59m	njkruu-0t.myshopify.com	admin@elysee-diamonds.com	Elysee-Diamonds	60	29-03-26 21:27	2026-08-16 4:27	Testen mehrerer Apps	
US	Cũ	Under 3 Months	Testing multiple apps	Basic	32d 20h 15m	tdh10h-az.myshopify.com	marketing@discountdirectfurniture.com	Discount Direct Furniture | Mattresses	3912	14-07-26 5:01	2026-08-16 1:17	Testing multiple apps	
PL	Mới	Under 1 hour	Testing multiple apps		6m	ss0ssk-7r.myshopify.com	kontakt@drobiazgi3d.pl	Drobiazgi 3D		15-08-26 2:55	2026-08-15 3:02	Testowanie wielu aplikacji	
US	Mới	Under 1 Month	Testing multiple apps	Plus	16d 3h 13m	flute-center-of-new-york-2.myshopify.com	info@flutecenter.com	Flute Center	7771	29-07-26 22:43	2026-08-15 1:57	Testing multiple apps	
CH	Mới	Under 1 hour	Testing multiple apps		9m	xzym1g-ck.myshopify.com	verkauf@wild-pharma.com	Dr. Wild & Co AG		14-08-26 15:20	2026-08-14 15:30	Testen mehrerer Apps	
AU	Cũ	Under 6 Months	Testing multiple apps	Advanced	112d 1h 30m	d7210b-2.myshopify.com	webmaster@ozfarmer.com	OzFarmer	4566	24-04-26 13:41	2026-08-14 15:12	Testing multiple apps	
US	Mới	Under 1 Month	Testing multiple apps	Advanced	7d 2h 56m	blooming-koco.myshopify.com	hello@moidaus.com	MOIDA	5742	07-08-26 8:42	2026-08-14 11:39	Testing multiple apps	
US	Mới	Under 1 hour	Testing multiple apps	Basic	10m	coco-cabana-home.myshopify.com	sales@casalettra.com	Casa Lettra	0	14-08-26 5:28	2026-08-14 5:39	Testing multiple apps	
AU	Mới	Under 1 hour	Testing multiple apps		1m	aibjrt-qr.myshopify.com	ordershorseedenterprise@gmail.com	Horseed Enterprises		14-08-26 3:19	2026-08-14 3:21	Testing multiple apps	
US	Mới	Under 1 Day	Testing multiple apps	Advanced	20h 7m	b24ba1-36.myshopify.com	webstore@vanrydergames.com	Van Ryder Games	212	13-08-26 1:07	2026-08-13 21:15	Testing multiple apps	
HK	Cũ	Under 1 Month	Testing multiple apps	Basic	30d 1h 40m	rhtv0u-kf.myshopify.com	admin@mexmydress.com	MEXMY	7	14-07-26 14:49	2026-08-13 16:30	测试多个应用	
HK	Cũ	Under 1 Month	Testing multiple apps	Basic	30d 1h 5m	p1t99m-rt.myshopify.com	info@inewerfashion.com	INEWER	118	14-07-26 15:14	2026-08-13 16:20	测试多个应用	
US	Mới	Under 1 Day	Testing multiple apps	Basic	16h 40m	stable-shipping-store.myshopify.com	nayemmiah.cu@gmail.com	Stable-shipping-store	20	12-08-26 23:27	2026-08-13 16:08	Testing multiple apps	
CA	Mới	Under 1 Day	Testing multiple apps	Grow	1h 24m	puhvwb-uw.myshopify.com	info@gtacommercialrefrigeration.ca	GTA Commercial Refrigeration	225	12-08-26 23:10	2026-08-13 0:35	Testing multiple apps	
DE	Mới	Under 1 hour	Testing multiple apps		7m	70m9hb-t0.myshopify.com	ayerepaul@gmail.com	SONN-L		12-08-26 22:09	2026-08-12 22:17	Testen mehrerer Apps	
EG	Mới	Under 1 Day	Testing multiple apps	Basic	3h 18m	6a7f12-e5.myshopify.com	support@mishmash-store.com	MISHMASH	2502	12-08-26 15:18	2026-08-12 18:37	Testing multiple apps	
ES	Mới	Under 1 Month	Testing multiple apps	Basic	7d 15h 33m	ay8xhm-k3.myshopify.com	samuel.jaradelucas@gmail.com	L'Arôme Privé	208	05-08-26 0:54	2026-08-12 16:28	Probando varias apps	
US	Mới	Under 1 hour	Testing multiple apps	Basic	29m	wyq0my-6m.myshopify.com	thefrequencyllc@gmail.com	Ritual & Glow		12-08-26 12:21	2026-08-12 12:51	Testing multiple apps	
US	Mới	Under 1 hour	Testing multiple apps		11m	snize-dev21-apro.myshopify.com	andrey.prokofyev@searchanise.io	snize-dev21-apro		11-08-26 23:37	2026-08-11 23:49	Testing multiple apps	
ZA	Mới	Under 1 Month	Testing multiple apps		7d 4h 20m	662ba5-3.myshopify.com	Hello@runstore.co.za	RUN		04-08-26 16:31	2026-08-11 20:52	Testing multiple apps	
AU	Cũ	Under 6 Months	Testing multiple apps	Basic	100d 10h 59m	grevillerecords.myshopify.com	grevillerecords152@gmail.com	GrevilleRecords	37155	03-05-26 8:12	2026-08-11 19:12	Testing multiple apps	
IT	Cũ	Under 3 Months	Testing multiple apps	Basic-inactive	56d 19h 36m	nfzk3j-g3.myshopify.com	info@koilead.com	Koilead	4	15-06-26 20:49	2026-08-11 16:26	Test di più app	
PK	Cũ	Under 1 Year	Testing multiple apps		208d 16h 10m	be8af6-9d.myshopify.com	usmanraza5600@gmail.com	chindiwala.com		14-01-26 15:24	2026-08-11 7:35	Testing multiple apps	
ES	Mới	Under 1 hour	Testing multiple apps		7m	3a1myw-hp.myshopify.com	ssportingstore@gmail.com	Sporting Store		11-08-26 6:38	2026-08-11 6:46	Probando varias apps	
DK	Mới	Under 1 hour	Testing multiple apps		3m	p3gvcy-58.myshopify.com	classickitsdk@gmail.com	Classickits		11-08-26 1:21	2026-08-11 1:25	Tester flere apps	
US	Cũ	Under 1 Month	Testing multiple apps	Basic	27d 21h 8m	xsdt0m-zt.myshopify.com	altivramode@gmail.com	Altivra Mode		14-07-26 3:23	2026-08-11 0:32	Probando varias apps	
AU	Mới	Under 1 Day	Testing multiple apps	Advanced	3h 30m	2cd839-4.myshopify.com	webmaster@ballmason.com.au	Ball Mason Australia		10-08-26 17:27	2026-08-10 20:58	Testing multiple apps	
GB	Cũ	Under 3 Months	Testing multiple apps	Grow	76d 18h 20m	5vh0rn-1v.myshopify.com	hello@ssd247.co.uk	SSD247		26-05-26 0:11	2026-08-10 18:32	Testing multiple apps	
GT	Mới	Under 1 hour	Testing multiple apps		3m	cxwjih-1g.myshopify.com	hola@grupomodara.com	Modara		10-08-26 1:23	2026-08-10 1:27	Probando varias apps	
US	Mới	Under 1 hour	Testing multiple apps		3m	pyqw1v-jf.myshopify.com	papswoodcrafts@gmail.com	Paps Wood Crafts		09-08-26 22:49	2026-08-09 22:53	Testing multiple apps	
IN	Cũ	Under 3 Months	Testing multiple apps	Basic	84d 3h 49m	qk1gnr-4v.myshopify.com	reynaajewels@gmail.com	Reynaa		17-05-26 15:49	2026-08-09 19:39	Testing multiple apps	
IN	Cũ	Under 1 Year	Testing multiple apps	Basic	193d 21h 35m	n9padz-sb.myshopify.com	kashisilk6@gmail.com	tvisa		26-01-26 17:03	2026-08-08 14:39	Testing multiple apps	
IN	Cũ	Under 3 Months	Testing multiple apps	Grow	34d 16h 33m	9shine.myshopify.com	9shine.store@gmail.com	9shines label		04-07-26 18:53	2026-08-08 11:27	Testing multiple apps	
US	Mới	Under 1 hour	Testing multiple apps		6m	landhelmets-com.myshopify.com	info@landhelmets.com	landhelmets.com		08-08-26 3:55	2026-08-08 4:02	Testing multiple apps	
US	Mới	Under 1 hour	Testing multiple apps		7m	laneboots.myshopify.com	customerservice@laneboots.com	Lane Boots		08-08-26 2:35	2026-08-08 2:43	Testing multiple apps	
US	Mới	Under 1 hour	Testing multiple apps		24m	qvqect-u6.myshopify.com	sjsportsjerseys@gmail.com	SJ SPORTS JERSEYS		07-08-26 13:55	2026-08-07 14:20	Testing multiple apps	
DZ	Cũ	Under 3 Months	Testing multiple apps	Basic	32d 1h 55m	medavenuedz.myshopify.com	medavenue.dz@gmail.com	Medavenue Algérie		06-07-26 5:47	2026-08-07 7:43	Test de plusieurs applis	
IN	Mới	Under 1 hour	Testing multiple apps		2m	f0wzs1-ah.myshopify.com	miswah26@gmail.com	Miswah		07-08-26 4:48	2026-08-07 4:51	Testing multiple apps	
DE	Mới	Under 1 hour	Testing multiple apps		1m	e17dz4-f3.myshopify.com	hey@romyundjulius.de	romy & julius		07-08-26 3:07	2026-08-07 3:09	Testen mehrerer Apps	
US	Mới	Under 1 Day	Testing multiple apps	Grow	21h 5m	ppkxd7-ud.myshopify.com	info@thrixine.com	THRIXINE		06-08-26 4:12	2026-08-07 1:18	Testing multiple apps	"Install + Embeded xong thì ko tương thích theme, có click về homepage để contact (nhắn lúc 4h sáng), chưa ai hỗ trợ hay reply luôn thời điểm đó
						- Khách uninstall							
						- 9h sáng mình reply khách gửi collab code đi							
						- 6h tối install lại app (Chuea reply yêu cầu gửi collab code của mình)							
						- Vài tiếng sau uninstall "							
US	Mới	Under 1 hour	Testing multiple apps		0m	qixrr1-1d.myshopify.com	info@rsrdesigns.com	Rsrdesigns		06-08-26 22:57	2026-08-06 22:58	Testing multiple apps; done	
US	Cũ	Under 3 Months	Testing multiple apps	Grow	74d 13h 48m	2m4bht-sx.myshopify.com	munifajaafar@gmail.com	Home Power Tech		24-05-26 9:05	2026-08-06 22:54	Testing multiple apps	
DE	Mới	Under 1 hour	Testing multiple apps		5m	600fea-2.myshopify.com	shop@koffer-plus.com	KOFFER-PLUS.COM		06-08-26 17:47	2026-08-06 17:53	Testen mehrerer Apps	
IN	Mới	Under 1 Day	Testing multiple apps	Grow	17h 9m	8fvtxt-0y.myshopify.com	marketing@goodwysh.com	Goodwysh		05-08-26 23:35	2026-08-06 16:45	Testing multiple apps	
NP	Cũ	Under 3 Months	Testing multiple apps	Paused	37d 1h 41m	ctkpnj-6a.myshopify.com	adarshakirana@gmail.com	Aubi.Store		30-06-26 11:59	2026-08-06 13:41	Testing multiple apps	
CO	Mới	Under 1 hour	Testing multiple apps	Grow	8m	info-5720.myshopify.com	customer@bahiamaria.com	Bahia Maria Swimwear		06-08-26 9:26	2026-08-06 9:35	Probando varias apps	
US	Cũ	Under 6 Months	Testing multiple apps	Basic	155d 17h 5m	7fcf03-31.myshopify.com	Handitches@gmail.com	Bag Lady from Philadelphia		03-03-26 11:35	2026-08-06 4:41	Testing multiple apps	
DE	Mới	Under 1 Week	Testing multiple apps	Grow	6d 14m	ck0jw3-x1.myshopify.com	m.schaumburg@5x-machines.de	5X Parts		30-07-26 17:55	2026-08-05 18:10	Testen mehrerer Apps	
CA	Cũ	Under 6 Months	Testing multiple apps	Basic	141d 1h 45m	theantiquerugs.myshopify.com	thetapestryofrugs@gmail.com	Tapestry of Rugs		17-03-26 13:01	2026-08-05 14:47	Testing multiple apps	
IN	Cũ	Under 1 Year	Testing multiple apps	Basic	230d 23h 4m	1cc8de-r4.myshopify.com	madaan.paras786@gmail.com	Amoha Decor		17-12-25 14:19	2026-08-05 13:24	Testing multiple apps	
US	Mới	Under 1 Week	Testing multiple apps	Basic	2d 1h 58m	montimaworks.myshopify.com	carlos@montima.co	Montima		02-08-26 23:37	2026-08-05 1:36	Testing multiple apps	
IT	Cũ	Under 3 Months	Testing multiple apps	Basic-inactive	90d 20h 16m	femiro-shop.myshopify.com	info@femiro.it	FEMIRO		05-05-26 19:56	2026-08-04 16:13	Test di più app	
EG	Cũ	Under 1 Month	Testing multiple apps	Basic	20d 6h 9m	iiatb0-s3.myshopify.com	amr.sportline@gmail.com	Sportline		15-07-26 1:08	2026-08-04 7:18	Testing multiple apps	
HN	Cũ	Under 1 Month	Testing multiple apps	Basic	16d 16h 16m	bys-store-3120256-171465.myshopify.com	luisbautista551@gmail.com	DeskNova		18-07-26 9:11	2026-08-04 1:28	Probando varias apps	
DE	Cũ	Under 3 Months	Testing multiple apps	Grow	42d 4h 22m	cbifxv-uq.myshopify.com	admin-shopify@magixx.art	Magixx Art		22-06-26 19:56	2026-08-04 0:19	Testing multiple apps	
SG	Mới	Under 1 Day	Testing multiple apps	Basic	1h 19m	loveholic-5356.myshopify.com	hello@loveholic.sg	loveholic		03-08-26 10:03	2026-08-03 11:23	Testing multiple apps	"Install, embeded, phát hiện chưa tương thích, đã contact chat, chat đã support để tương thích, nhưng khách ko thích product grid có sẵn của app, ko similar giống của khách
						=> Khách uninstall"							
CN	Cũ	Under 6 Months	Testing multiple apps	Basic-inactive	152d 1h 39m	jdzgwz-3p.myshopify.com	info@goalkitstore.com	The GoalKit Club		03-03-26 20:20	2026-08-02 22:00	测试多个应用	
HR	Mới	Under 1 hour	Testing multiple apps		15m	ta32vn-ee.myshopify.com	pospesevanje@planta-prelesje.si	Poljovrt d.o.o.		02-08-26 20:34	2026-08-02 20:50	Preizkušanje več aplikacij	
QA	Mới	Under 1 hour	Testing multiple apps		7m	z5irsn-gk.myshopify.com	abbasmastoreqatar@gmail.com	Abbasma Store		02-08-26 18:55	2026-08-02 19:03	Testing multiple apps	
IN	Mới	Under 1 hour	Testing multiple apps	Basic	13m	dc0xts-2c.myshopify.com	taraya.company@gmail.com	My Store		02-08-26 17:18	2026-08-02 17:32	Testing multiple apps	
GB	Cũ	Under 1 Year	Testing multiple apps	Basic-inactive	186d 21h 3m	ccc3cf-2.myshopify.com	kevin@functionaldrinksclub.co.uk	Functional Drinks Club		27-01-26 2:53	2026-08-01 23:57	Testing multiple apps	
NZ	Mới	Under 1 Day	Testing multiple apps	Development	1h 39m	alfa-pizza-ovens.myshopify.com	wayneknights70@gmail.com	Alfa Pizza Ovens		01-08-26 15:10	2026-08-01 16:50	Testing multiple apps	"INstall , embed, lỗi tương thihcs, có contact support, đã xin collab code để mình fix, nhưng mình ko fix luôn
						(CSE báo đã ngoài giờ làm việc, sẽ contact support lại sau -> Khách ko đợi được nên uninstall (khách ở đây là dev đang test app cho chủ) )"							
NL	Mới	Under 1 hour	Testing multiple apps		8m	bys-store-3207807-173524.myshopify.com	contact@aceblast.store	ACE BLAST		01-08-26 9:13	2026-08-01 9:22	Testing multiple apps	
IN	Mới	Under 1 hour	Testing multiple apps		4m	0ixk1q-pi.myshopify.com	baisoorganicsecom@gmail.com	Baiso Organic		01-08-26 0:56	2026-08-01 1:01	Testing multiple apps	
HK	Mới	Under 1 hour	Testing multiple apps		9m	songmont.myshopify.com	info@songmont.cn	Songmont		31-07-26 16:46	2026-07-31 16:56	Testing multiple apps	
IN	Mới	Under 1 hour	Testing multiple apps		5m	dz11w1-qf.myshopify.com	luxzraclothing@gmail.com	Luxzra		31-07-26 14:16	2026-07-31 14:22	Testing multiple apps	
IN	Cũ	Under 3 Months	Testing multiple apps	Basic-inactive	71d 19h 12m	b529c3-fb.myshopify.com	woof@tiltingheads.com	Tilting Heads		20-05-26 17:51	2026-07-31 13:04	Testing multiple apps	
PK	Mới	Under 1 hour	Testing multiple apps	Grow	23m	pfqwsd-aa.myshopify.com	unklestore@gmail.com	My Store		30-07-26 18:27	2026-07-30 18:51	Testing multiple apps	
ES	Mới	Under 1 Day	Testing multiple apps	Grow	1h 53m	store-ucam.myshopify.com	soporte@store.ucam.edu	UCAM Store		30-07-26 14:14	2026-07-30 16:08	Probando varias apps	"khách check ko thấy theme trong list support, có contact lại với mình
						10p sau mình mới nhắn khách							
						Khách uninstall"							
US	Mới	Under 1 hour	Testing multiple apps		7m	the-webster-replatform.myshopify.com	pablo.moreno@thewebster.com	The Webster		30-07-26 3:05	2026-07-30 3:13	Testing multiple apps	
BR	Mới	Under 1 hour	Testing multiple apps		9m	a352b6-0e.myshopify.com	streetlifestore02@gmail.com	Street Life		30-07-26 1:15	2026-07-30 1:25	Testando vários apps	
FR	Mới	Under 1 Week	Testing multiple apps	Grow	1d 6h 33m	ksy6x6-d3.myshopify.com	contact@thehareandthecrow.com	The Hare & The Crow Studio		28-07-26 15:38	2026-07-29 22:12	Testing multiple apps	
GB	Mới	Under 1 hour	Testing multiple apps	Grow	24m	5c58e2.myshopify.com	marketing@packagingsource.co.uk	Packaging Wise		29-07-26 16:24	2026-07-29 16:49	Testing multiple apps	
CN	Cũ	Under 1 Year	Testing multiple apps	Basic	301d 10h 29m	gandhanra-art.myshopify.com	service@gandhanra.art	Gandhanra-ART		30-09-25 22:31	2026-07-29 9:01	测试多个应用	
US	Cũ	Under 6 Months	Testing multiple apps	Basic-inactive	159d 22h 52m	5vxz0y-zk.myshopify.com	ginacool94@gmail.com	Gina Collection		19-02-26 3:33	2026-07-29 2:26	Testing multiple apps	
HK	Mới	Under 1 hour	Testing multiple apps		2m	jjeznh-cw.myshopify.com	info@rvlithtime.com	RVLithTime		28-07-26 16:06	2026-07-28 16:09	测试多个应用	
US	Cũ	Under 1 Month	Testing multiple apps	Development	8d 14h 9m	boujoux-2.myshopify.com	kelli@crockettasindavy.com	Boujoux		19-07-26 22:51	2026-07-28 13:01	Testing multiple apps	
US	Cũ	Under 3 Months	Testing multiple apps	Basic	60d 1h 27m	midwestgrowco.myshopify.com	bob@midwestgrowco.com	Midwest Grow LLC		28-05-26 22:00	2026-07-27 23:28	Testing multiple apps	
AT	Cũ	Under 1 Month	Testing multiple apps	Basic	13d 16h 35m	pumpenkost.myshopify.com	hello@romedia-design.at	Pumpenkost		14-07-26 2:01	2026-07-27 18:37	Testen mehrerer Apps	
US	Mới	Under 1 hour	Testing multiple apps		0m	mygradday.myshopify.com	mygradday@gmail.com	MyGradDay		27-07-26 15:53	2026-07-27 15:53	测试多个应用	
NL	Mới	Under 1 hour	Testing multiple apps		26m	iai03e-ij.myshopify.com	bobbertstore@gmail.com	ViVa Parts		27-07-26 0:49	2026-07-27 1:16	Meerdere apps testen	
TR	Mới	Under 1 hour	Testing multiple apps		6m	t9dr0s-s8.myshopify.com	siparis@riccon.com.tr	Riccon		27-07-26 0:37	2026-07-27 0:44	Birden fazla uygulama test ediliyor	
NL	Mới	Under 1 Day	Testing multiple apps	Basic	2h 8m	nz3hyb-yb.myshopify.com	admin@jfdesign.nl	Sfeer & Geur		26-07-26 20:04	2026-07-26 22:13	Meerdere apps testen	"Khách nhắn hỏi về feature, có add được YMM ra ngoài homepage được ko. Agent auto chat lúc 10h tối bảo khách contact lại.
						-> Khách uninstall ngay sau 5p vì ko đc support hay chat ngay lúc đó"							
MX	Mới	Under 1 hour	Testing multiple apps		6m	n1vb1h-s4.myshopify.com	libros@tornagris.com	Torna Gris - Artista Mexicano		26-07-26 21:51	2026-07-26 21:58	Probando varias apps	
CR	Mới	Under 1 Week	Testing multiple apps		2d 47m	mn4ma3-86.myshopify.com	8alegacysuplementos@gmail.com	8A LEGACY		24-07-26 2:35	2026-07-26 3:23	Probando varias apps	
US	Mới	Under 1 Day	Testing multiple apps		2h 6m	eydf0n-96.myshopify.com	orders@furvillepetsupplies.com	Furville Pet Supplies		25-07-26 4:42	2026-07-25 6:49	Testing multiple apps	
NO	Mới	Under 1 Day	Testing multiple apps	Basic	1h 57m	wqgjf1-hw.myshopify.com	shopifykingkong73@gmail.com	King Kong Company AS		24-07-26 20:43	2026-07-24 22:41	Testing multiple apps	
CN	Mới	Under 1 hour	Testing multiple apps		24m	fadtattoos.myshopify.com	gpi_product@glampressink.com	GlamPressInk		24-07-26 8:42	2026-07-24 9:06	测试多个应用	
US	Cũ	Under 1 Month	Testing multiple apps	Basic	28d 7h 46m	srupya-zd.myshopify.com	customerservice@ezember.com	EZ Ember		25-06-26 22:43	2026-07-24 6:30	Testing multiple apps	
US	Mới	Under 1 hour	Testing multiple apps		0m	barrys-power-equipment1.myshopify.com	barrys@barryspowerequipment.com	Barry's Power Equipment		24-07-26 2:56	2026-07-24 2:57	Testing multiple apps	
BG	Cũ	Under 3 Months	Testing multiple apps	Grow	40d 19h 44m	2d64d7.myshopify.com	support@dirtytoyz.com	DirtyToyz		13-06-26 1:25	2026-07-23 21:10	Testing multiple apps	
HU	Cũ	Under 1 Month	Testing multiple apps	Basic	19d 22h 8m	1kcwze-vx.myshopify.com	info@yaraparfum.hu	YARA Illatbazár		03-07-26 18:00	2026-07-23 16:09	Testing multiple apps	
US	Mới	Under 1 Week	Testing multiple apps	Grow	1d 4h 30m	tigerkingsafes.myshopify.com	service@tigerkingsafe.com	TIGERKING SAFE		22-07-26 10:46	2026-07-23 15:17	Testing multiple apps	
AU	Cũ	Under 1 Month	Testing multiple apps	Grow	7d 18h 37m	qfki2r-41.myshopify.com	sales@tcifasteners.com.au	ebolts		15-07-26 15:35	2026-07-23 10:13	Testing multiple apps	
CA	Cũ	Under 1 Month	Testing multiple apps	Plus	16d 4h 29m	b9szf5-ub.myshopify.com	swan@nrupro.com	NRU Beauty		07-07-26 0:33	2026-07-23 5:03	Testing multiple apps	
ES	Mới	Under 1 Day	Testing multiple apps	Basic	6h 54m	h2zm3b-f0.myshopify.com	info@sportshub.es	SportsHub		22-07-26 21:10	2026-07-23 4:05	Probando varias apps	
NO	Cũ	Under 1 Week	Testing multiple apps	Basic	5d 5h 13m	1hs53t-ew.myshopify.com	mikael@brodern.no	Ventilasjonsgrossisten		17-07-26 18:42	2026-07-22 23:56	Tester flere apper	
AU	Cũ	Under 1 Month	Testing multiple apps	Basic	17d 17h 58m	get-lucky-clothing.myshopify.com	getluckyclothing@yahoo.com	Get Lucky		04-07-26 14:15	2026-07-22 8:14	Testing multiple apps	
EG	Mới	Under 1 hour	Testing multiple apps		0m	tjbtzy-9w.myshopify.com	veegyy0@gmail.com	VE.EGY		22-07-26 6:07	2026-07-22 6:08	Testing multiple apps	
US	Mới	Under 1 hour	Testing multiple apps		4m	altamont-apparel.myshopify.com	rich.wilson@soletechnology.com	Altamont Apparel		22-07-26 3:48	2026-07-22 3:53	Testing multiple apps	
SE	Mới	Under 1 Week	Testing multiple apps	Grow	1d 17h 11m	cvhk19-p0.myshopify.com	order@mintarta.se	Mintårta		20-07-26 6:28	2026-07-21 23:40	Testar flera appar	
US	Cũ	Under 3 Months	Testing multiple apps		32d 20h 16m	tdh10h-az.myshopify.com	marketing@discountdirectfurniture.com	Discount Direct Furniture | Mattresses		14-07-26 5:01	16-08-26 1:17	Testing multiple apps	
DE	Cũ	Under 6 Months	Testing multiple apps		139d 7h	njkruu-0t.myshopify.com	admin@elysee-diamonds.com	Elysee-Diamonds		29-03-26 21:27	16-08-26 4:27	Testen mehrerer Apps	
NL	Mới	Under 1 hour	Testing multiple apps		12m	dhy5wp-hc.myshopify.com	Contact@laadcentrum.com	Laad Centrum		17-08-26 4:11	17-08-26 4:23	Meerdere apps testen	
US	Mới	Under 1 Day	Testing multiple apps		23h 31m	ayjaythelabel.myshopify.com	shop@ayjaythelabel.com	AYJAY		17-08-26 6:38	18-08-26 6:09	Testing multiple apps	
CA	Mới	Under 1 hour	Testing multiple apps		8m	dev-catalangourmet.myshopify.com	info@rootways.com	Dev Catalangourmet		17-08-26 11:55	17-08-26 12:03	Testing multiple apps	
KW	Mới	Under 1 hour	App Not Working / Compatibility Issue		3m	x0nh11-pm.myshopify.com	fremontjadeed@gmail.com	Fremont Al-Jadeed		17-08-26 19:37	17-08-26 19:40	Not working properly with store	
FR	Mới	Under 1 hour	Other – Unclear		16m	8tkbc3-ht.myshopify.com	thevaultseekers.tcg@gmail.com	The Vault Seekers		17-08-26 23:11	17-08-26 23:27	Autre (veuillez prĂ©ciser); Je n'arrive pas Ă le faire fonctionner	
PT	Cũ	Under 3 Months	Testing multiple apps		48d 5h 35m	a3df12-7c.myshopify.com	daniel27022006@gmail.com	Iniop		01-07-26 0:19	18-08-26 5:54	A testar vĂ¡rias apps	
TK	Mới	Under 1 hour	Testing multiple apps		23m	milagron.myshopify.com	milagron.myshopify.com	Türkiye		15-08-26 03:49	15-08-26 04:12	Testing multiple apps	"Khách embeded xong -> Banner báo vượt limit product
						Khách mua growth							
						Khách uninstall app							
						(Gói sub bị hủy)							
						Khách install lại app (Thấy ghi Plan: Trial)							
						Khách uninstall sau 2p tải lại"							